{"cameraMode":{"drawMode":0,"name":"Shaded","section":"Shading Mode"},"sceneLighting":true,"audioPlay":false,"sceneViewState":{"m_AlwaysRefresh":false,"showFog":true,"showSkybox":true,"showFlares":true,"showImageEffects":true,"showParticleSystems":true,"showVisualEffectGraphs":true,"m_FxEnabled":true},"in2DMode":false,"pivot":{"x":15.781231880187989,"y":45.50592803955078,"z":-54.35760498046875},"rotation":{"x":0.34372493624687197,"y":-0.6561054587364197,"z":0.46307647228240969,"w":0.4875989258289337},"size":0.8660253882408142,"orthographic":false}