{"cameraMode":{"drawMode":0,"name":"Shaded","section":"Shading Mode"},"sceneLighting":true,"audioPlay":false,"sceneViewState":{"m_AlwaysRefresh":false,"showFog":true,"showSkybox":true,"showFlares":true,"showImageEffects":true,"showParticleSystems":true,"showVisualEffectGraphs":true,"m_FxEnabled":true},"in2DMode":false,"pivot":{"x":-65.97000122070313,"y":16.672000885009767,"z":-65.62999725341797},"rotation":{"x":0.09477289021015167,"y":0.016076181083917619,"z":-0.00162369548343122,"w":0.9956694841384888},"size":12.901540756225586,"orthographic":false}