{"cameraMode":{"drawMode":0,"name":"Shaded","section":"Shading Mode"},"sceneLighting":false,"audioPlay":false,"sceneViewState":{"m_AlwaysRefresh":false,"showFog":true,"showSkybox":false,"showFlares":true,"showImageEffects":true,"showParticleSystems":true,"showVisualEffectGraphs":true,"m_FxEnabled":true},"in2DMode":false,"pivot":{"x":15.075149536132813,"y":-7.346541881561279,"z":-8.153790473937989},"rotation":{"x":0.08756937086582184,"y":-0.8612410426139832,"z":0.15885277092456819,"w":0.47475093603134158},"size":20.615543365478517,"orthographic":false}